task_id,source_context_status,statement_review_status
boltons__hist__001,no_non_leaky_source_context,near_certified_context_missing
boltons__hist__002,no_non_leaky_source_context,near_certified_context_missing
boltons__hist__003,non_leaky_context_found,reviewed
boltons__hist__004,non_leaky_context_found,reviewed
boltons__hist__005,non_leaky_context_found,reviewed
boltons__hist__006,non_leaky_context_found,reviewed
boltons__hist__007,non_leaky_context_found,reviewed
boltons__hist__008,no_non_leaky_source_context,near_certified_context_missing
boltons__hist__009,no_non_leaky_source_context,near_certified_context_missing
boltons__hist__010,no_non_leaky_source_context,near_certified_context_missing
boltons__hist__011,non_leaky_context_found,reviewed
boltons__hist__012,non_leaky_context_found,reviewed
boltons__hist__013,non_leaky_context_found,reviewed
boltons__hist__014,non_leaky_context_found,reviewed
boltons__hist__015,no_non_leaky_source_context,near_certified_context_missing
boltons__hist__016,no_non_leaky_source_context,near_certified_context_missing
boltons__hist__017,non_leaky_context_found,reviewed
boltons__hist__018,no_non_leaky_source_context,near_certified_context_missing
boltons__hist__019,non_leaky_context_found,reviewed
boltons__hist__020,non_leaky_context_found,reviewed
boltons__hist__021,non_leaky_context_found,reviewed
boltons__hist__022,non_leaky_context_found,reviewed
boltons__hist__023,non_leaky_context_found,reviewed
boltons__hist__024,non_leaky_context_found,reviewed
boltons__hist__025,non_leaky_context_found,reviewed
boltons__hist__026,non_leaky_context_found,reviewed
boltons__hist__027,non_leaky_context_found,reviewed
boltons__hist__028,non_leaky_context_found,reviewed
boltons__hist__029,no_non_leaky_source_context,near_certified_context_missing
boltons__hist__030,non_leaky_context_found,reviewed
boltons__hist__031,non_leaky_context_found,reviewed
boltons__hist__032,no_non_leaky_source_context,near_certified_context_missing
