task_id,status,first_failing_gate
itsdangerous__hist__001,near_certified,reference_pass
itsdangerous__hist__002,near_certified,reference_pass
itsdangerous__hist__003,near_certified,reference_pass
itsdangerous__hist__004,near_certified,reference_pass
itsdangerous__hist__005,near_certified,reference_pass
itsdangerous__hist__006,near_certified,reference_pass
itsdangerous__hist__007,near_certified,reference_pass
itsdangerous__hist__008,near_certified,no_op_fail
itsdangerous__hist__009,near_certified,no_op_fail
itsdangerous__hist__010,certified,
itsdangerous__hist__011,near_certified,no_op_fail
